Skills,JobType
Computer vision,DS
C++,DS
Image processing,DS
data science,DS
Agile,DS
Data structures,DS
Application development,DS
Scrum,DS
Cloud computing,DS
C++,DS
Data analysis,DS
Data modeling,DS
Agile,DS
Data structures,DS
Application development,DS
Scrum,DS
Computer vision,DS
Cloud computing,DS
C++,DS
Image processing,DS
Machine learning,DS
Agile,DS
Data structures,DS
Application development,DS
Data Science,DS
Hive,DS
Data Scientist,DS
Hadoop,DS
Big Data,DS
Data Collection,DS
Spark,DS
Python,DS
Base SAS,DS
Excel,DS
data science,DS
Data modeling,DS
SQL,DS
Python,DS
data,DS
base,DS
C++,DS
data science,DS
Data modeling,DS
Staffing,DS
GCP,DS
Machine learning,DS
Data structures,DS
Perl,DS
Computer science,DS
Operations research,DS
Machine learning,DS
Ab Initio,DS
Informatica,DS
SPSS,DS
QlikView,DS
Unix shell scripting,DS
Computer science,DS
deep learning,DS
spark,DS
Neural networks,DS
Storage management,DS
Machine learning,DS
model development,DS
Application development,DS
Economics,DS
advanced analytics,DS
data science,DS
Architecture,DS
Machine learning,DS
Database,DS
Predictive modeling,DS
Customer experience,DS
Business objects,DS
SAS,DS
XML,DS
MySQL,DS
Javascript,DS
Data collection,DS
Data processing,DS
Data Analyst,DS
Automation,DS
Prototype,DS
Coding,DS
SCALA,DS
Instrumentation,DS
Open source,DS
Data mining,DS
Analytics,DS
Renewable energy,DS
Analytical,DS
Machine learning,DS
Agile,DS
Genetics,DS
Data mining,DS
Continuous improvement,DS
SCADA,DS
Data analysis,DS
Excel,DS
Bloomberg,DS
data science,DS
Coding,DS
Machine learning,DS
Data quality,DS
Analytics,DS
deep learning,DS
data science,DS
Networking,DS
Analytical,DS
Machine learning,DS
Healthcare,DS
Information retrieval,DS
Natural language processing,DS
tableau,DS
data science,DS
SQL database,DS
Security systems,DS
Physical security,DS
Management,DS
Data warehousing,DS
Python,DS
C++,DS
Operations research,DS
Analytical,DS
Machine learning,DS
Data collection,DS
Business intelligence,DS
Data mining,DS
SQL,DS
Computer science,DS
Telecom,DS
IIS,DS
Data collection,DS
Agile,DS
Data structures,DS
Predictive modeling,DS
Data mining,DS
Strategy consulting,DS
deep learning,DS
Data modeling,DS
Machine learning,DS
Manager Technology,DS
Workflow,DS
Project delivery,DS
Statistics,DS
IT services,DS
SAN,DS
Operations research,DS
Production planning,DS
Analytical,DS
Consulting,DS
SMS,DS
CRM,DS
Mining,DS
Text mining,DS
Logistic regression,DS
Machine learning,DS
Data mining,DS
Continuous improvement,DS
Open source,DS
Forecasting,DS
Business objects,DS
MS SQL,DS
MySQL,DS
Javascript,DS
Business intelligence,DS
microsoft,DS
Open source,DS
Information technology,DS
Telecom,DS
data science,DS
spark,DS
Analytical,DS
Intellectual property,DS
Programming,DS
Data quality,DS
Research,DS
deep learning,DS
Usage,DS
data science,DS
devops,DS
Machine learning,DS
Cloud,DS
Data collection,DS
Infrastructure,DS
RCA,DS
customer analytics,DS
Staffing,DS
Social media,DS
Healthcare,DS
Troubleshooting,DS
Open source,DS
CRM,DS
RCA,DS
customer analytics,DS
Staffing,DS
Social media,DS
Healthcare,DS
Troubleshooting,DS
Open source,DS
CRM,DS
customer analytics,DS
Staffing,DS
Machine learning,DS
Troubleshooting,DS
Open source,DS
Analytics,DS
Reporting tools,DS
CRM,DS
data science,DS
Coding,DS
Staffing,DS
Machine learning,DS
Technical leadership,DS
model development,DS
Resident Expert,DS
Statistics,DS
RCA,DS
Staffing,DS
Social media,DS
Machine learning,DS
Healthcare,DS
healthcare analytics,DS
Troubleshooting,DS
Reporting tools,DS
Text mining,DS
Data analysis,DS
Linux,DS
Staffing,DS
Analytical,DS
Machine learning,DS
Natural language processing,DS
Forecasting,DS
deep learning,DS
data science,DS
Staffing,DS
Analytical,DS
Machine learning,DS
Programming,DS
Data mining,DS
big data,DS
data science,DS
Coding,DS
Data modeling,DS
Agile development,DS
MySQL,DS
Machine learning,DS
test driven development,DS
MATLAB,DS
Statistical modeling,DS
PDF,DS
Technology Architect,DS
Machine learning,DS
Manager Technology,DS
Information retrieval,DS
Natural language processing,DS
Data mining,DS
Computer science,DS
Computer vision,DS
deep learning,DS
Neural networks,DS
Data collection,DS
model development,DS
Statistics,DS
Supervision,DS
Machine learning,DS
Data collection,DS
Programming,DS
data visualization,DS
Data mining,DS
Risk management,DS
MATLAB,DS
Statistics,DS
Computer science,DS
Neural networks,DS
Analytical,DS
Pharma,DS
Machine learning,DS
Healthcare,DS
Data mining,DS
Scientist D,DS
Data Science,DS
analytical,DS
machine learning,DS
Python,DS
Machine Learning Algorithms,DS
aws,DS
Algorithms,DS
Data,DS
Supply chain,DS
Business services,DS
Computer vision,DS
Prototype,DS
agile project management,DS
Analytical,DS
Machine learning,DS
microsoft,DS
Career development,DS
Data analysis,DS
data science,DS
Machine learning,DS
Data quality,DS
Forecasting,DS
Analytics,DS
Recruitment,DS
Product management,DS
Computer science,DS
Machine learning,DS
Radiology,DS
Programming,DS
Healthcare,DS
Natural language processing,DS
Recruitment,DS
deep learning,DS
PDF,DS
data science,DS
spark,DS
Deployment,DS
Pattern recognition,DS
AWS,DS
Analytics,DS
Computer science,DS
Text mining,DS
Computer vision,DS
Image processing,DS
Artificial Intelligence,DS
Machine learning,DS
Life sciences,DS
Bioinformatics,DS
IT services,DS
Automation,DS
Managed services,DS
GIT,DS
Linux,DS
Enterprise applications,DS
Machine learning,DS
HIPAA,DS
Computer vision,DS
Marketing analytics,DS
data science,DS
Risk analytics,DS
Analytical,DS
Demand forecasting,DS
Consulting,DS
Natural language processing,DS
Training,DS
Computer vision,DS
Matrix,DS
Architecture,DS
Packaging,DS
model development,DS
Deployment,DS
Downstream,DS
Computer vision,DS
Medical imaging,DS
Linux,DS
data science,DS
Neural networks,DS
Machine learning,DS
Programming,DS
Manager Technology,DS
Product management,DS
Data analysis,DS
Database,DS
Manager Technology,DS
Research,DS
Project design,DS
Technology,DS
Project,DS
Training,DS
deep learning,DS
Backend,DS
Linux,DS
Artificial Intelligence,DS
Machine learning,DS
Transformers,DS
Deployment,DS
Training,DS
data science,DS
Machine learning,DS
Data collection,DS
Programming,DS
Data quality,DS
Natural language processing,DS
data visualization,DS
Data management,DS
Business analytics,DS
Machine learning,DS
data governance,DS
Data Analyst,DS
Data quality,DS
Natural language processing,DS
Data mining,DS
data science,DS
Data Scientist,DS
Data analytics,DS
Data,DS
Analytics,DS
Science,DS
Automation,DS
Bidding,DS
Social media,DS
Machine learning,DS
Manager Technology,DS
Account management,DS
Natural language processing,DS
Python,DS
Computer science,DS
Statistical analysis,DS
Analytical,DS
Artificial Intelligence,DS
Machine learning,DS
Credit risk analysis,DS
Predictive modeling,DS
Mathematics,DS
Computer science,DS
Logistic regression,DS
Data analysis,DS
Analytical,DS
Troubleshooting,DS
Risk management,DS
Continuous improvement,DS
Analytics,DS
Backend,DS
Front end,DS
html5,DS
MySQL,DS
Javascript,DS
Routing,DS
Management,DS
IOS,DS
Analytical skills,DS
NoSQL,DS
data science,DS
Project management,DS
Business analytics,DS
Analytical,DS
cloud storage,DS
data visualization,DS
Data Science,DS
Machine Learning,DS
Statistics,DS
Data Bricks,DS
Analytics,DS
lead,DS
Bricks,DS
Data,DS
Artificial Intelligence,DS
Machine Learning,DS
Data Science,DS
Data Visualization,DS
Deep Learning,DS
Science,DS
Machine,DS
Intelligence,DS
Machine Learning,DS
Deep Learning,DS
Python,DS
Data Science,DS
Power Bi,DS
API,DS
AWS,DS
Predictive Analytics,DS
Power Bi,DS
Machine Learning,DS
SQL,DS
Bi,DS
Data,DS
Machine,DS
Data Science,DS
Machine Learning,DS
Deep Learning,DS
Python,DS
SQL,DS
Predictive Modeling,DS
Statistical Modeling,DS
Regression,DS
Supply chain,DS
TQM,DS
Machine learning,DS
Open source,DS
Forecasting,DS
Principal,DS
SQL,DS
Python,DS
Operations research,DS
SAS,DS
data science,DS
Machine learning,DS
SPSS,DS
Open source,DS
Analytics,DS
SQL,DS
Computer vision,DS
deep learning,DS
Opencv,DS
Machine learning,DS
Mentor,DS
Management,DS
Statistics,DS
SQL,DS
Data Science,DS
Predictive Modeling,DS
Customer Analytics,DS
Machine Learning,DS
AWS,DS
Python,DS
Analytics,DS
Modeling,DS
Machine Learning,DS
Deep learning,DS
Java,DS
C++,DS
R,DS
NLP,DS
AI,DS
Go,DS
B2B Marketing,DS
Computer science,DS
Statistical analysis,DS
data science,DS
Equity,DS
Predictive modeling,DS
big data,DS
Analytics,DS
Business services,DS
deep learning,DS
C++,DS
Claims,DS
Analytical,DS
Machine learning,DS
Data collection,DS
Actuarial,DS
Data Science,DS
Natural Language Processing,DS
Machine Learning,DS
Deep Learning,DS
Languages,DS
Process,DS
Science,DS
Data,DS
Data Science,DS
R,DS
Python,DS
SQL,DS
Healthcare Analytics,DS
Natural Language Processing,DS
Statistical Modeling,DS
Neural Networks,DS
Machine Learning,DS
Python,DS
SQL,DS
Natural Language Processing,DS
Computer Vision,DS
Deep Learning,DS
Processing,DS
Process,DS
Data Science,DS
Pyspark,DS
Data Modeling,DS
Python,DS
Graph,DS
Neo4J,DS
sklearn,DS
Graph Databases,DS
Data Science,DS
Decision Tree,DS
Naive Bayes,DS
Knn,DS
Machine Learning,DS
Random Forest,DS
Startup,DS
Data,DS
predictive modelling,DS
logistic,DS
multiple regression,DS
machine learning,DS
Python,DS
MS Azure,DS
pyspark,DS
Regression,DS
Logistic regression,DS
Data analysis,DS
Client servicing,DS
Trend analysis,DS
Data mining,DS
Individual Contributor,DS
SQL,DS
Python,DS
Economics,DS
Analytical,DS
Programming,DS
Statistics,DS
Analytics,DS
Data,DS
Program,DS
Matplotlib,DS
Pandas,DS
Data science,DS
Python,DS
Data,DS
Science,DS
deep learning,DS
Data analysis,DS
GIT,DS
Analytical,DS
MySQL,DS
Machine learning,DS
data visualization,DS
Data mining,DS
Computer vision,DS
data science,DS
Coding,DS
Analytical,DS
Artificial Intelligence,DS
Machine learning,DS
Data structures,DS
Analytics,DS
Data analysis,DS
data modeling,DS
data science,DS
AI,DS
power bi,DS
BI development,DS
dashboards,DS
sql,DS
